Ticker,CIK10,FiscalYear,FY_EndDate,TA,TL,CA,CL,RE,EBIT,Sales,NI,CFO,LT,Shares_EOP,GP,SE,WC,BVE,Price_Close_near_FYEnd,Shares_Yahoo_proxy,Altman_Z_original_FY,Altman_Zpp_FY,Piotroski_F_FY,Altman_Z_original_GF,Piotroski_F_GF,GF_MVE_Mode,GF_MVE_Current,SIC,SIC_Desc,Is_Manufacturing
ORCL,0001341439,2010,2010-05-31,61578000000.0,30780000000.0,27004000000.0,14691000000.0,16146000000.0,9062000000.0,2290000000.0,6230000000.0,8681000000.0,,5026247000.0,,30798000000.0,12313000000.0,30798000000.0,22.200000762939453,2808829952.0,3.3049624297922784,4.206057212846009,,14.723941178702422,,current,697376297053.8125,,,False
ORCL,0001341439,2011,2011-05-31,73535000000.0,33759000000.0,39174000000.0,14192000000.0,22581000000.0,12033000000.0,6944000000.0,8644000000.0,11214000000.0,,5065515000.0,,39776000000.0,24982000000.0,39776000000.0,34.220001220703125,2808829952.0,4.5528287986419915,5.566481884495057,6.0,13.866511684455954,6.0,current,697376297053.8125,,,False
ORCL,0001341439,2012,2012-05-31,78327000000.0,34639000000.0,40023000000.0,15388000000.0,26087000000.0,13706000000.0,37121000000.0,9981000000.0,13743000000.0,,4882506000.0,,43688000000.0,24635000000.0,43688000000.0,26.469999313354492,2808829952.0,4.133694555671976,5.649162146689212,6.0,13.974677839017858,6.0,current,697376297053.8125,,,False
ORCL,0001341439,2013,2013-05-31,81812000000.0,37164000000.0,41692000000.0,12872000000.0,25854000000.0,14684000000.0,37180000000.0,10925000000.0,14224000000.0,,4630807000.0,,44648000000.0,28820000000.0,44648000000.0,33.779998779296875,2808829952.0,4.437392182951239,5.8086978201722586,6.0,13.170805845312445,7.0,current,697376297053.8125,,,False
ORCL,0001341439,2014,2014-05-31,90344000000.0,43466000000.0,48138000000.0,14389000000.0,25965000000.0,14759000000.0,38275000000.0,10955000000.0,14921000000.0,,4454889000.0,,46878000000.0,33749000000.0,46878000000.0,42.02000045776367,2808829952.0,4.397408506369714,5.617721679621596,5.0,11.439904147576996,7.0,current,697376297053.8125,,,False
ORCL,0001341439,2015,2015-05-31,110903000000.0,62240000000.0,63183000000.0,15291000000.0,26503000000.0,13871000000.0,38226000000.0,9938000000.0,14336000000.0,,4336077000.0,,48663000000.0,47892000000.0,48663000000.0,43.790000915527344,2808829952.0,3.440622014761837,5.273352690396471,5.0,8.332969199087179,5.0,current,697376297053.8125,,,False
ORCL,0001341439,2016,2016-05-31,112180000000.0,64891000000.0,64313000000.0,17208000000.0,23888000000.0,12604000000.0,37047000000.0,8901000000.0,13561000000.0,,4122730000.0,,47289000000.0,47105000000.0,47289000000.0,40.20000076293945,2808829952.0,3.0354452368810465,4.968984843096554,4.0,7.951158182359641,4.0,current,697376297053.8125,,,False
ORCL,0001341439,2017,2017-05-31,134991000000.0,81131000000.0,74515000000.0,24178000000.0,27598000000.0,12710000000.0,37728000000.0,9335000000.0,14126000000.0,,4136682000.0,23017000000.0,53860000000.0,50337000000.0,53860000000.0,45.38999938964844,2808829952.0,2.7124839337304354,4.442429017613275,3.0,6.481294649229882,5.0,current,697376297053.8125,,,False
ORCL,0001341439,2018,2018-05-31,137264000000.0,91538000000.0,75964000000.0,19195000000.0,18412000000.0,13679000000.0,39831000000.0,3825000000.0,15386000000.0,,3981155000.0,24287000000.0,45726000000.0,56769000000.0,45726000000.0,46.720001220703125,2808829952.0,2.5222817767670427,4.344522498318748,6.0,5.874179768381481,6.0,current,697376297053.8125,,,False
ORCL,0001341439,2019,2019-05-31,108709000000.0,86924000000.0,46386000000.0,18630000000.0,-3496000000.0,13535000000.0,39506000000.0,11083000000.0,14551000000.0,,3335819000.0,,21785000000.0,27756000000.0,21785000000.0,50.599998474121094,2808829952.0,2.2007519416484254,2.6699226625566768,6.0,5.849345154642776,5.0,current,697376297053.8125,,,False
ORCL,0001341439,2020,2020-05-31,115438000000.0,103364000000.0,52140000000.0,17200000000.0,-12696000000.0,13896000000.0,39068000000.0,10135000000.0,13139000000.0,,3068682000.0,,12074000000.0,34940000000.0,12074000000.0,53.060001373291016,2808829952.0,1.8900597108503248,2.5585781840626667,5.0,4.992989314501222,5.0,current,697376297053.8125,,,False
ORCL,0001341439,2021,2021-05-31,131107000000.0,125869000000.0,55567000000.0,24164000000.0,-20120000000.0,15213000000.0,40479000000.0,13746000000.0,15887000000.0,,2792000000.0,,5238000000.0,31403000000.0,5238000000.0,79.56999969482422,2808829952.0,1.8232453020972932,1.8944268167150966,5.0,4.08853790586405,6.0,current,697376297053.8125,,,False
ORCL,0001341439,2022,2022-05-31,109297000000.0,109297000000.0,31633000000.0,19511000000.0,-31336000000.0,10926000000.0,42440000000.0,6717000000.0,9539000000.0,0.0,2664926000.0,,-6220000000.0,12122000000.0,-6220000000.0,71.91999816894531,2808829952.0,1.5020419940549592,0.40492126956824076,5.0,4.278228846466852,5.0,current,697376297053.8125,,,False
ORCL,0001341439,2023,2023-05-31,134384000000.0,133311000000.0,21004000000.0,23090000000.0,-27620000000.0,13093000000.0,49954000000.0,8503000000.0,17165000000.0,,2714259000.0,,1073000000.0,-2086000000.0,1073000000.0,105.94000244140625,2808829952.0,1.6810596804109885,-0.10867872488685912,4.0,3.5255932536369197,5.0,current,697376297053.8125,,,False
ORCL,0001341439,2024,2024-05-31,140976000000.0,132272000000.0,22554000000.0,31544000000.0,-22628000000.0,15353000000.0,52961000000.0,10467000000.0,18673000000.0,,2755860000.0,,8704000000.0,-8990000000.0,8704000000.0,117.19000244140625,2808829952.0,1.89880129158164,-0.14065462154679065,5.0,3.597197279813338,5.0,current,697376297053.8125,,,False
ORCL,0001341439,2025,2025-05-31,168361000000.0,147910000000.0,24579000000.0,32643000000.0,-15481000000.0,17678000000.0,57399000000.0,12443000000.0,20821000000.0,,2808833000.0,,20451000000.0,-8064000000.0,20451000000.0,165.52999877929688,2808829952.0,2.3872854250992477,0.23681780750445156,4.0,3.3301432737608545,6.0,current,697376297053.8125,,,False
META,0001326801,2012,2012-12-31,15103000000.0,3348000000.0,11267000000.0,1052000000.0,1659000000.0,538000000.0,5089000000.0,53000000.0,1612000000.0,1500000000.0,2166000000.0,,11755000000.0,10215000000.0,11755000000.0,26.6200008392334,2168960000.0,11.753056683579496,8.720974597489116,,306.64078009213154,,current,1703132418437.5,,,False
META,0001326801,2013,2013-12-31,17895000000.0,2425000000.0,13070000000.0,1100000000.0,3159000000.0,2804000000.0,7872000000.0,1500000000.0,4222000000.0,0.0,2517000000.0,,15470000000.0,11970000000.0,15470000000.0,54.650001525878906,2168960000.0,36.04079907333262,12.714803155866264,7.0,423.4003944375049,7.0,current,1703132418437.5,,,False
META,0001326801,2014,2014-12-31,40184000000.0,4088000000.0,13670000000.0,1424000000.0,6099000000.0,4994000000.0,12466000000.0,2940000000.0,5457000000.0,,2664000000.0,,36096000000.0,12246000000.0,36096000000.0,78.0199966430664,2168960000.0,31.804192783254518,12.600323559571178,3.0,251.26903828917978,5.0,current,1703132418437.5,,,False
META,0001326801,2015,2015-12-31,49407000000.0,5189000000.0,21652000000.0,1925000000.0,9787000000.0,6225000000.0,17928000000.0,3688000000.0,8599000000.0,,2853000000.0,,44218000000.0,19727000000.0,44218000000.0,104.66000366210938,2168960000.0,36.06140483150221,13.059261707446383,6.0,198.46696597887185,6.0,current,1703132418437.5,,,False
META,0001326801,2016,2016-12-31,64961000000.0,5767000000.0,34401000000.0,2875000000.0,21670000000.0,12427000000.0,27638000000.0,10217000000.0,16108000000.0,,2925000000.0,,59194000000.0,31526000000.0,59194000000.0,115.05000305175781,2168960000.0,37.11787863629435,16.334104652678363,6.0,179.3004164734133,6.0,current,1703132418437.5,,,False
META,0001326801,2017,2017-12-31,84524000000.0,10177000000.0,48563000000.0,3760000000.0,33990000000.0,20203000000.0,40653000000.0,15934000000.0,24216000000.0,,2956000000.0,,74347000000.0,44803000000.0,74347000000.0,176.4600067138672,2168960000.0,33.221421167529236,14.065052109068846,6.0,102.87947198356395,6.0,current,1703132418437.5,,,False
META,0001326801,2018,2018-12-31,97334000000.0,13207000000.0,50480000000.0,7017000000.0,41981000000.0,24913000000.0,55838000000.0,22112000000.0,29274000000.0,,2921000000.0,,84127000000.0,43463000000.0,84127000000.0,131.08999633789062,2168960000.0,19.953946357032006,12.743716018924449,6.0,79.93207337154801,6.0,current,1703132418437.5,,,False
META,0001326801,2019,2019-12-31,133376000000.0,32322000000.0,66225000000.0,15053000000.0,55692000000.0,23986000000.0,70697000000.0,18485000000.0,36314000000.0,,2876000000.0,,101054000000.0,51172000000.0,101054000000.0,205.25,2168960000.0,13.126344034917178,8.36939967652898,4.0,33.784101941683474,5.0,current,1703132418437.5,,,False
META,0001326801,2020,2020-12-31,159316000000.0,31026000000.0,75670000000.0,14981000000.0,77345000000.0,32671000000.0,85965000000.0,29146000000.0,38747000000.0,,2888000000.0,,128290000000.0,60689000000.0,128290000000.0,273.1600036621094,2168960000.0,17.609084163462672,9.801340542825026,6.0,35.2893457736218,6.0,current,1703132418437.5,,,False
META,0001326801,2021,2021-12-31,165987000000.0,41108000000.0,66666000000.0,21135000000.0,69761000000.0,46753000000.0,117929000000.0,39370000000.0,57683000000.0,,2859000000.0,,124879000000.0,45531000000.0,124879000000.0,336.3500061035156,2168960000.0,16.593112927558725,8.252069091793015,6.0,27.415936966493465,6.0,current,1703132418437.5,,,False
META,0001326801,2022,2022-12-31,185727000000.0,60014000000.0,59549000000.0,27026000000.0,64799000000.0,28944000000.0,116609000000.0,23200000000.0,50475000000.0,9923000000.0,2702000000.0,,125713000000.0,32523000000.0,125713000000.0,120.33999633789062,2168960000.0,5.09154277170718,5.53284769849358,4.0,18.86806573300807,4.0,current,1703132418437.5,,,False
META,0001326801,2023,2023-12-31,229623000000.0,76455000000.0,85365000000.0,31960000000.0,82070000000.0,46751000000.0,134902000000.0,39098000000.0,71113000000.0,18385000000.0,2629000000.0,,153168000000.0,53405000000.0,153168000000.0,353.9599914550781,2168960000.0,9.341650867101958,6.162595359181228,6.0,15.404602414303053,7.0,current,1703132418437.5,,,False
META,0001326801,2024,2024-12-31,276054000000.0,93417000000.0,100045000000.0,33596000000.0,102506000000.0,69380000000.0,164501000000.0,62360000000.0,91328000000.0,28826000000.0,2614000000.0,,182637000000.0,66449000000.0,182637000000.0,585.510009765625,2168960000.0,12.064256537580162,6.531328794794307,7.0,13.17289363517582,7.0,current,1703132418437.5,,,False
QCOM,0000804328,2009,2009-09-27,27445000000.0,7129000000.0,12570000000.0,2813000000.0,11235000000.0,2226000000.0,10416000000.0,1592000000.0,7172000000.0,,1670313078.0,,20316000000.0,9757000000.0,20316000000.0,45.970001220703125,1079000064.0,8.109318881128933,7.203980061067059,,15.981604401129832,,current,170320166688.09375,,,False
QCOM,0000804328,2010,2010-09-26,30572000000.0,9714000000.0,12133000000.0,5468000000.0,13305000000.0,3283000000.0,10991000000.0,3247000000.0,4076000000.0,,1617713293.0,,20858000000.0,6665000000.0,20858000000.0,44.59000015258789,1079000064.0,6.040236397430486,5.825107815432935,5.0,12.10486460659542,6.0,current,170320166688.09375,,,False
QCOM,0000804328,2011,2011-09-25,36422000000.0,9450000000.0,14293000000.0,5289000000.0,16204000000.0,5026000000.0,14957000000.0,4260000000.0,4900000000.0,,16809844260.0,,26951000000.0,9004000000.0,26951000000.0,50.58000183105469,1079000064.0,55.76916328884725,6.993951525024558,6.0,12.599526034088504,6.0,current,170320166688.09375,,,False
QCOM,0000804328,2012,2012-09-30,43012000000.0,9467000000.0,15645000000.0,5302000000.0,20701000000.0,5682000000.0,19121000000.0,6109000000.0,5998000000.0,,1704029150.0,,33523000000.0,10343000000.0,33523000000.0,61.90999984741211,1079000064.0,8.529007443686881,7.752274495415465,6.0,12.637408559453732,6.0,current,170320166688.09375,,,False
QCOM,0000804328,2013,2013-09-29,45516000000.0,9429000000.0,19555000000.0,5213000000.0,25461000000.0,7230000000.0,24866000000.0,6853000000.0,8778000000.0,,1689435673.0,,36088000000.0,14342000000.0,36088000000.0,67.31999969482422,1079000064.0,9.46897368620436,8.976788476056097,7.0,13.069823682851423,7.0,current,170320166688.09375,,,False
QCOM,0000804328,2014,2014-09-28,48574000000.0,9408000000.0,22413000000.0,6013000000.0,30799000000.0,7550000000.0,26487000000.0,7967000000.0,8887000000.0,,1662600946.0,,39169000000.0,16400000000.0,39169000000.0,74.81999969482422,1079000064.0,10.284470112580664,9.697944016015327,5.0,13.213319883993885,6.0,current,170320166688.09375,,,False
QCOM,0000804328,2015,2015-09-27,50796000000.0,19382000000.0,22099000000.0,6100000000.0,31226000000.0,5776000000.0,25281000000.0,5271000000.0,5506000000.0,9969000000.0,1503094004.0,,31421000000.0,15999000000.0,31421000000.0,52.540000915527344,1079000064.0,4.556243145101398,6.536536269775354,4.0,7.3840505852564915,4.0,current,170320166688.09375,,,False
QCOM,0000804328,2016,2016-09-25,52359000000.0,20591000000.0,22981000000.0,7311000000.0,30936000000.0,6495000000.0,23554000000.0,5705000000.0,7400000000.0,10008000000.0,1476886684.0,,31778000000.0,15670000000.0,31778000000.0,62.310001373291016,1079000064.0,4.727035740975706,6.343487191093663,6.0,7.00847973242416,6.0,current,170320166688.09375,,,False
QCOM,0000804328,2017,2017-09-24,65486000000.0,34740000000.0,43593000000.0,10907000000.0,30088000000.0,2614000000.0,22291000000.0,2466000000.0,4693000000.0,19398000000.0,1474164639.0,,30746000000.0,32686000000.0,30746000000.0,51.619998931884766,1079000064.0,3.028586998583035,5.969644850984511,5.0,4.655940877641609,5.0,current,170320166688.09375,,,False
QCOM,0000804328,2018,2018-09-30,32686000000.0,31758000000.0,17384000000.0,11236000000.0,663000000.0,742000000.0,22732000000.0,-4864000000.0,3895000000.0,15365000000.0,1212162586.0,,928000000.0,6148000000.0,928000000.0,72.5999984741211,1079000064.0,2.687117472500649,1.4832458216516768,4.0,4.242325573655137,4.0,current,170320166688.09375,,,False
QCOM,0000804328,2019,2019-09-29,32957000000.0,28048000000.0,16765000000.0,8935000000.0,4466000000.0,7667000000.0,24273000000.0,4386000000.0,7286000000.0,13437000000.0,1141844863.0,,4909000000.0,7830000000.0,4909000000.0,76.27999877929688,1079000064.0,3.842250960115811,3.7473917229564853,8.0,5.622490020276406,8.0,current,170320166688.09375,,,False
QCOM,0000804328,2020,2020-09-27,35594000000.0,29517000000.0,18519000000.0,8672000000.0,5284000000.0,6255000000.0,23531000000.0,5198000000.0,5814000000.0,15226000000.0,1131000000.0,,6077000000.0,9847000000.0,6077000000.0,118.47000122070312,1079000064.0,4.504461865946565,3.695856269417991,6.0,5.242963650832804,6.0,current,170320166688.09375,,,False
QCOM,0000804328,2021,2021-09-26,41240000000.0,31290000000.0,20075000000.0,11951000000.0,9822000000.0,9789000000.0,33566000000.0,9043000000.0,10536000000.0,13701000000.0,1120000000.0,,9950000000.0,8124000000.0,9950000000.0,133.47999572753906,1079000064.0,5.033738303232653,3.9976957212324,7.0,5.433020594186631,7.0,current,170320166688.09375,,,False
QCOM,0000804328,2022,2022-09-25,49014000000.0,31001000000.0,20724000000.0,11866000000.0,17840000000.0,15860000000.0,44200000000.0,12936000000.0,9096000000.0,13537000000.0,1121000000.0,,18013000000.0,8858000000.0,18013000000.0,119.73999786376953,1079000064.0,5.293925759482877,5.156678222123252,6.0,5.992450886081531,6.0,current,170320166688.09375,,,False
QCOM,0000804328,2023,2023-09-24,51040000000.0,29459000000.0,22464000000.0,9628000000.0,20733000000.0,7788000000.0,35820000000.0,7232000000.0,11299000000.0,14484000000.0,1113000000.0,,21581000000.0,12836000000.0,21581000000.0,110.43000030517578,1079000064.0,4.579133884686133,4.76860094707101,5.0,5.5447792157924125,5.0,current,170320166688.09375,,,False
QCOM,0000804328,2024,2024-09-29,55154000000.0,28880000000.0,25231000000.0,10504000000.0,25687000000.0,10071000000.0,38962000000.0,10142000000.0,12202000000.0,13270000000.0,1111000000.0,,26274000000.0,14727000000.0,26274000000.0,170.0500030517578,1079000064.0,6.206485365918691,5.452222346179124,8.0,5.819946861020993,8.0,current,170320166688.09375,,,False
CRM,0001108524,2009,2010-01-31,2460201000.0,1403535000.0,1706159000.0,908130000.0,106561000.0,115272000.0,1305583000.0,80719000.0,270911000.0,,127152449.0,1047658000.0,1043802000.0,798029000.0,1043802000.0,16.295000076293945,956000000.0,2.0209338407792727,3.364850332184635,,100.21614514701464,,current,231772642333.98438,,,False
CRM,0001108524,2010,2011-01-31,3091165000.0,1814674000.0,1074924000.0,1276466000.0,171035000.0,97497000.0,1657139000.0,64474000.0,459081000.0,,132921147.0,1333326000.0,1276491000.0,-201542000.0,1276491000.0,32.28499984741211,956000000.0,2.058281725696625,0.7032197721512079,5.0,77.27221539864445,5.0,current,231772642333.98438,,,False
CRM,0001108524,2011,2012-01-31,4164154000.0,2498053000.0,1672222000.0,2323471000.0,159463000.0,-35085000.0,2266539000.0,-11572000.0,591507000.0,,137036541.0,1777653000.0,1587360000.0,-651249000.0,1587360000.0,29.200000762939453,956000000.0,1.3435331276805955,-0.290514385220474,3.0,56.05122153114532,3.0,current,231772642333.98438,,,False
CRM,0001108524,2012,2013-01-31,5528956000.0,3157711000.0,2015880000.0,2917624000.0,-110982000.0,-110710000.0,3050195000.0,-270445000.0,736897000.0,,146406655.0,2366616000.0,2317633000.0,-901744000.0,2317633000.0,43.032501220703125,956000000.0,1.4588987046869561,-0.4992407294840989,3.0,44.301146986555274,3.0,current,231772642333.98438,,,False
CRM,0001108524,2013,2014-01-31,9152930000.0,6087715000.0,2680252000.0,3980188000.0,-343157000.0,-286074000.0,4071003000.0,-232175000.0,875469000.0,255000000.0,610143000.0,3102575000.0,3038510000.0,-1299936000.0,3038510000.0,60.529998779296875,956000000.0,3.758699810471935,-0.7398552180709128,3.0,22.96203182803069,4.0,current,231772642333.98438,,,False
CRM,0001108524,2015,2015-01-31,10692982000.0,6717799000.0,3550072000.0,4390103000.0,-605845000.0,-145633000.0,5373586000.0,-262688000.0,1173714000.0,,650596000.0,4084316000.0,3975183000.0,-840031000.0,3975183000.0,56.45000076293945,956000000.0,3.5641916190177687,-0.17025051830306004,5.0,20.98476323519316,4.0,current,231772642333.98438,,,False
CRM,0001108524,2016,2016-01-31,12770772000.0,7767903000.0,4347327000.0,5617005000.0,-653271000.0,114923000.0,6667216000.0,-47426000.0,1612585000.0,,670929000.0,5012668000.0,5002869000.0,-1269678000.0,5002869000.0,68.44000244140625,956000000.0,3.907623228659756,-0.08224142975549331,4.0,18.263177869543465,4.0,current,231772642333.98438,,,False
CRM,0001108524,2017,2017-01-31,17584923000.0,10084796000.0,5996827000.0,7258353000.0,-464910000.0,64228000.0,8391984000.0,179632000.0,2162198000.0,,707460000.0,6157945000.0,7500127000.0,-1261526000.0,7500127000.0,79.0999984741211,956000000.0,3.6955524366282706,0.24863999502292,5.0,14.1556087876035,6.0,current,231772642333.98438,,,False
CRM,0001108524,2018,2018-01-31,21009802000.0,11617439000.0,9290371000.0,10129518000.0,-337432000.0,235768000.0,,127478000.0,2737965000.0,694781000.0,731500000.0,7706490000.0,9388496000.0,-839147000.0,9388496000.0,113.91000366210938,956000000.0,4.270070933139437,0.6095865448662099,4.0,11.936862623897687,4.0,current,231772642333.98438,,,False
CRM,0001108524,2019,2019-01-31,30737000000.0,15132000000.0,10683000000.0,11255000000.0,1735000000.0,535000000.0,13282000000.0,1110000000.0,3398000000.0,3173000000.0,771000000.0,9831000000.0,15605000000.0,-572000000.0,15605000000.0,151.97000122070312,956000000.0,5.192121618682297,1.2617254258758732,5.0,9.736283846787856,5.0,current,231772642333.98438,,,False
CRM,0001108524,2020,2021-01-31,66301000000.0,24808000000.0,21889000000.0,17728000000.0,5933000000.0,455000000.0,21252000000.0,4072000000.0,4801000000.0,2673000000.0,921000000.0,15814000000.0,41493000000.0,4161000000.0,41493000000.0,228.4600067138672,956000000.0,5.632739337953017,2.5057349008096086,7.0,6.149370492834813,8.0,current,231772642333.98438,,,False
CRM,0001108524,2021,2021-01-31,66301000000.0,24808000000.0,21889000000.0,17728000000.0,5933000000.0,455000000.0,21252000000.0,4072000000.0,4801000000.0,2673000000.0,921000000.0,15814000000.0,41493000000.0,4161000000.0,41493000000.0,228.4600067138672,956000000.0,5.632739337953017,2.5057349008096086,5.0,6.149370492834813,5.0,current,231772642333.98438,,,False
CRM,0001108524,2022,2022-01-31,95209000000.0,37078000000.0,22850000000.0,21788000000.0,7377000000.0,548000000.0,26492000000.0,1444000000.0,6000000000.0,10592000000.0,990000000.0,19466000000.0,58131000000.0,1062000000.0,58131000000.0,232.6300048828125,956000000.0,4.145903516204349,2.0106366478500637,3.0,4.169674013534302,4.0,current,231772642333.98438,,,False
CRM,0001108524,2023,2023-01-31,98849000000.0,40490000000.0,26395000000.0,25891000000.0,7585000000.0,1030000000.0,31352000000.0,208000000.0,7111000000.0,9419000000.0,1000000000.0,22992000000.0,58359000000.0,504000000.0,58359000000.0,167.97000122070312,956000000.0,2.954160361158058,1.8670043475158271,5.0,3.899618120307694,5.0,current,231772642333.98438,,,False
CRM,0001108524,2024,2024-01-31,99823000000.0,40177000000.0,29074000000.0,26631000000.0,11721000000.0,5011000000.0,34857000000.0,4136000000.0,10234000000.0,8427000000.0,970000000.0,26316000000.0,59646000000.0,2443000000.0,59646000000.0,281.0899963378906,956000000.0,4.780438764941219,2.4394731409542745,9.0,4.16987071684749,9.0,current,231772642333.98438,,,False
CRM,0001108524,2025,2025-01-31,102928000000.0,41755000000.0,29727000000.0,27980000000.0,16369000000.0,7205000000.0,37895000000.0,6197000000.0,13092000000.0,8433000000.0,961000000.0,29252000000.0,61173000000.0,1747000000.0,61173000000.0,341.70001220703125,956000000.0,5.560763863213679,2.6384933008941607,8.0,4.172651262610551,8.0,current,231772642333.98438,,,False
INTC,0000050863,2009,2009-12-26,53095000000.0,11391000000.0,21157000000.0,7591000000.0,26318000000.0,5711000000.0,35127000000.0,4369000000.0,11170000000.0,2049000000.0,5524000000.0,19561000000.0,41704000000.0,13566000000.0,41704000000.0,20.329999923706055,4376999936.0,7.932445762699222,7.859025818902383,,7.6794142384452115,,current,107499116090.58984,,,False
INTC,0000050863,2010,2010-12-25,63186000000.0,13756000000.0,31611000000.0,9327000000.0,32919000000.0,15588000000.0,43623000000.0,11464000000.0,16692000000.0,2077000000.0,5488000000.0,28491000000.0,49430000000.0,22284000000.0,49430000000.0,20.84000015258789,4376999936.0,7.645599245650676,9.442782142471462,9.0,7.345913083387844,9.0,current,107499116090.58984,,,False
INTC,0000050863,2011,2011-12-31,71119000000.0,25208000000.0,25872000000.0,12028000000.0,29656000000.0,17477000000.0,53999000000.0,12942000000.0,20963000000.0,7084000000.0,4996000000.0,33757000000.0,45911000000.0,13844000000.0,45911000000.0,24.25,4376999936.0,5.271287877672623,6.200103315206218,6.0,4.946298574846295,6.0,current,107499116090.58984,,,False
INTC,0000050863,2012,2012-12-29,84351000000.0,33148000000.0,31358000000.0,12898000000.0,32138000000.0,14638000000.0,53341000000.0,11005000000.0,18884000000.0,13136000000.0,4946000000.0,33151000000.0,51203000000.0,18460000000.0,51203000000.0,20.229999542236328,4376999936.0,3.812168377507885,5.465788990818542,5.0,3.946864981007746,5.0,current,107499116090.58984,,,False
INTC,0000050863,2013,2013-12-28,92358000000.0,34102000000.0,32084000000.0,13568000000.0,35477000000.0,12291000000.0,52708000000.0,9620000000.0,20776000000.0,13165000000.0,4972000000.0,31521000000.0,58256000000.0,18516000000.0,58256000000.0,25.600000381469727,4376999936.0,4.02766362715838,5.255399207139848,4.0,3.6795769611667497,4.0,current,107499116090.58984,,,False
INTC,0000050863,2014,2014-12-27,91956000000.0,36091000000.0,27730000000.0,16019000000.0,33418000000.0,15347000000.0,55870000000.0,11704000000.0,20418000000.0,12107000000.0,4736000000.0,35609000000.0,55865000000.0,11711000000.0,55865000000.0,37.54999923706055,4376999936.0,4.776403482940703,4.766993066119389,8.0,3.60706464008023,8.0,current,107499116090.58984,,,False
INTC,0000050863,2015,2015-12-26,103065000000.0,41980000000.0,40356000000.0,15667000000.0,37614000000.0,14002000000.0,55355000000.0,11420000000.0,19017000000.0,20036000000.0,4724000000.0,34679000000.0,61085000000.0,24689000000.0,61085000000.0,34.97999954223633,4376999936.0,4.145581245348106,5.201989452728378,5.0,3.320239629146088,5.0,current,107499116090.58984,,,False
INTC,0000050863,2016,2016-12-31,113327000000.0,47101000000.0,35508000000.0,20302000000.0,40747000000.0,12874000000.0,59387000000.0,10316000000.0,21808000000.0,20649000000.0,4728000000.0,36191000000.0,66226000000.0,15206000000.0,66226000000.0,36.27000045776367,4376999936.0,3.7477712264000917,4.292088801705118,4.0,2.932687307922138,5.0,current,107499116090.58984,,,False
INTC,0000050863,2017,2017-12-30,123249000000.0,54230000000.0,29500000000.0,17421000000.0,42083000000.0,17936000000.0,62761000000.0,9601000000.0,22110000000.0,25037000000.0,4668000000.0,39069000000.0,69019000000.0,12079000000.0,69019000000.0,46.15999984741211,4376999936.0,3.9691015491864996,4.070311608807434,5.0,2.7744591387443474,6.0,current,107499116090.58984,,,False
INTC,0000050863,2018,2018-12-29,127963000000.0,53400000000.0,28787000000.0,16626000000.0,50172000000.0,23316000000.0,70848000000.0,21053000000.0,29432000000.0,25098000000.0,4497000000.0,43737000000.0,74563000000.0,12161000000.0,74563000000.0,46.75,4376999936.0,4.180094940913837,4.592189407081067,8.0,3.0257619756395653,8.0,current,107499116090.58984,,,False
INTC,0000050863,2019,2019-12-28,136524000000.0,59020000000.0,31239000000.0,22310000000.0,53523000000.0,22035000000.0,71965000000.0,21048000000.0,33145000000.0,25308000000.0,4277000000.0,42140000000.0,77504000000.0,8929000000.0,77504000000.0,60.08000183105469,4376999936.0,4.299373388569182,4.170543775109875,5.0,2.779925217703397,6.0,current,107499116090.58984,,,False
INTC,0000050863,2020,2020-12-26,153091000000.0,72053000000.0,47249000000.0,24754000000.0,56233000000.0,23678000000.0,77867000000.0,20899000000.0,35384000000.0,33897000000.0,4063000000.0,43612000000.0,81038000000.0,22495000000.0,81038000000.0,47.06999969482422,4376999936.0,3.3021409325394986,4.381664760067494,5.0,2.6047685038871373,6.0,current,107499116090.58984,,,False
INTC,0000050863,2021,2021-12-25,168406000000.0,73015000000.0,57718000000.0,27462000000.0,68265000000.0,19456000000.0,79024000000.0,19868000000.0,29991000000.0,33510000000.0,4072000000.0,43815000000.0,95391000000.0,30256000000.0,95391000000.0,51.310001373291016,4376999936.0,3.350509453586184,4.648193291717856,5.0,2.5169666788019516,6.0,current,107499116090.58984,,,False
INTC,0000050863,2022,2022-12-31,182103000000.0,80680000000.0,50407000000.0,32155000000.0,70405000000.0,2334000000.0,63054000000.0,8014000000.0,15433000000.0,37684000000.0,4137000000.0,26866000000.0,101423000000.0,18252000000.0,101423000000.0,26.43000030517578,4376999936.0,1.8632409259997211,3.3239763924682464,3.0,1.8495438870414485,3.0,current,107499116090.58984,,,False
INTC,0000050863,2023,2023-12-30,191572000000.0,85982000000.0,43269000000.0,28053000000.0,69156000000.0,93000000.0,54228000000.0,1689000000.0,11471000000.0,46978000000.0,4228000000.0,21711000000.0,105590000000.0,15216000000.0,105590000000.0,50.25,4376999936.0,2.3679405239852196,2.99058848841836,3.0,1.6355229209328819,3.0,current,107499116090.58984,,,False
INTC,0000050863,2024,2024-12-28,196485000000.0,97215000000.0,47324000000.0,35666000000.0,49032000000.0,-11678000000.0,53101000000.0,-18756000000.0,8288000000.0,46282000000.0,4330000000.0,17345000000.0,99270000000.0,11658000000.0,99270000000.0,20.299999237060547,4376999936.0,1.0371867523871003,1.8755375833184433,3.0,1.1581564755416607,3.0,current,107499116090.58984,,,False
